filename,count
sheet_stack_1.png,1
sheet_stack_2.png,2
sheet_stack_3.png,3
sheet_stack_4.png,4
sheet_stack_5.png,5
sheet_stack_6.png,6
sheet_stack_7.png,7
sheet_stack_8.png,8
sheet_stack_9.png,9
sheet_stack_10.png,10
sheet_stack_11.png,11
sheet_stack_12.png,12
sheet_stack_13.png,13
sheet_stack_14.png,14
sheet_stack_15.png,15
sheet_stack_16.png,16
sheet_stack_17.png,17
sheet_stack_18.png,18
sheet_stack_19.png,19
sheet_stack_20.png,20
sheet_stack_21.png,21
sheet_stack_22.png,22
sheet_stack_23.png,23
sheet_stack_24.png,24
sheet_stack_25.png,25
sheet_stack_26.png,26
sheet_stack_27.png,27
sheet_stack_28.png,28
sheet_stack_29.png,29
sheet_stack_30.png,30
sheet_stack_31.png,31
sheet_stack_32.png,32
sheet_stack_33.png,33
sheet_stack_34.png,34
sheet_stack_35.png,35
sheet_stack_36.png,36
sheet_stack_37.png,37
sheet_stack_38.png,38
sheet_stack_39.png,39
sheet_stack_40.png,40
sheet_stack_41.png,41
sheet_stack_42.png,42
sheet_stack_43.png,43
sheet_stack_44.png,44
sheet_stack_45.png,45
sheet_stack_46.png,46
sheet_stack_47.png,47
sheet_stack_48.png,48
sheet_stack_49.png,49
sheet_stack_50.png,50
